Workbook

Sheet Forecast_Input
A1: S&OP 業務分產品每月預測表
A2: 填寫業務、客戶、產品後，輸入當月出貨目標/實際，以及當月到未來 N+6 的每月預估。月份與 N 值可在 Settings 調整。
A4: 基準月份 | B4: =Settings!B2 | D4: 未來月數 N | E4: =Settings!B3
A5: 業務 | B5: 客戶 | C5: 產品大類 | D5: 產品/SKU | E5: 單位 | F5: 當月目標 | G5: 當月實際 | H5: 差異 | I5: =Settings!$B$2 | J5: =EDATE(I5,1) | K5: =EDATE(J5,1) | L5: =EDATE(K5,1) | M5: =EDATE(L5,1) | N5: =EDATE(M5,1) | O5: =EDATE(N5,1) | P5: 預估合計 | Q5: 備註
H6: =IF(OR(F6<>"",G6<>""),G6-F6,"") | P6: =IF(COUNTA(I6:O6)=0,"",SUM(I6:O6))
H7: =IF(OR(F7<>"",G7<>""),G7-F7,"") | P7: =IF(COUNTA(I7:O7)=0,"",SUM(I7:O7))
H8: =IF(OR(F8<>"",G8<>""),G8-F8,"") | P8: =IF(COUNTA(I8:O8)=0,"",SUM(I8:O8))
H9: =IF(OR(F9<>"",G9<>""),G9-F9,"") | P9: =IF(COUNTA(I9:O9)=0,"",SUM(I9:O9))
H10: =IF(OR(F10<>"",G10<>""),G10-F10,"") | P10: =IF(COUNTA(I10:O10)=0,"",SUM(I10:O10))
H11: =IF(OR(F11<>"",G11<>""),G11-F11,"") | P11: =IF(COUNTA(I11:O11)=0,"",SUM(I11:O11))
H12: =IF(OR(F12<>"",G12<>""),G12-F12,"") | P12: =IF(COUNTA(I12:O12)=0,"",SUM(I12:O12))
H13: =IF(OR(F13<>"",G13<>""),G13-F13,"") | P13: =IF(COUNTA(I13:O13)=0,"",SUM(I13:O13))
H14: =IF(OR(F14<>"",G14<>""),G14-F14,"") | P14: =IF(COUNTA(I14:O14)=0,"",SUM(I14:O14))
H15: =IF(OR(F15<>"",G15<>""),G15-F15,"") | P15: =IF(COUNTA(I15:O15)=0,"",SUM(I15:O15))
H16: =IF(OR(F16<>"",G16<>""),G16-F16,"") | P16: =IF(COUNTA(I16:O16)=0,"",SUM(I16:O16))
H17: =IF(OR(F17<>"",G17<>""),G17-F17,"") | P17: =IF(COUNTA(I17:O17)=0,"",SUM(I17:O17))
... H105: =IF(OR(F105<>"",G105<>""),G105-F105,"") | P105: =IF(COUNTA(I105:O105)=0,"",SUM(I105:O105))

Sheet Summary
A1: 預測摘要
A2: 依業務彙總當月目標、實際、差異與未來 7 個月預估合計。
A4: 業務 | B4: 當月目標 | C4: 當月實際 | D4: 差異 | E4: 7個月預估合計
A5: =Settings!A8 | B5: =IF($A5="","",SUMIF(Forecast_Input!$A:$A,$A5,Forecast_Input!$F:$F)) | C5: =IF($A5="","",SUMIF(Forecast_Input!$A:$A,$A5,Forecast_Input!$G:$G)) | D5: =IF($A5="","",C5-B5) | E5: =IF($A5="","",SUMIF(Forecast_Input!$A:$A,$A5,Forecast_Input!$P:$P))
A6: =Settings!A9 | B6: =IF($A6="","",SUMIF(Forecast_Input!$A:$A,$A6,Forecast_Input!$F:$F)) | C6: =IF($A6="","",SUMIF(Forecast_Input!$A:$A,$A6,Forecast_Input!$G:$G)) | D6: =IF($A6="","",C6-B6) | E6: =IF($A6="","",SUMIF(Forecast_Input!$A:$A,$A6,Forecast_Input!$P:$P))
A7: =Settings!A10 | B7: =IF($A7="","",SUMIF(Forecast_Input!$A:$A,$A7,Forecast_Input!$F:$F)) | C7: =IF($A7="","",SUMIF(Forecast_Input!$A:$A,$A7,Forecast_Input!$G:$G)) | D7: =IF($A7="","",C7-B7) | E7: =IF($A7="","",SUMIF(Forecast_Input!$A:$A,$A7,Forecast_Input!$P:$P))
A8: =Settings!A11 | B8: =IF($A8="","",SUMIF(Forecast_Input!$A:$A,$A8,Forecast_Input!$F:$F)) | C8: =IF($A8="","",SUMIF(Forecast_Input!$A:$A,$A8,Forecast_Input!$G:$G)) | D8: =IF($A8="","",C8-B8) | E8: =IF($A8="","",SUMIF(Forecast_Input!$A:$A,$A8,Forecast_Input!$P:$P))
A9: =Settings!A12 | B9: =IF($A9="","",SUMIF(Forecast_Input!$A:$A,$A9,Forecast_Input!$F:$F)) | C9: =IF($A9="","",SUMIF(Forecast_Input!$A:$A,$A9,Forecast_Input!$G:$G)) | D9: =IF($A9="","",C9-B9) | E9: =IF($A9="","",SUMIF(Forecast_Input!$A:$A,$A9,Forecast_Input!$P:$P))
A10: =Settings!A13 | B10: =IF($A10="","",SUMIF(Forecast_Input!$A:$A,$A10,Forecast_Input!$F:$F)) | C10: =IF($A10="","",SUMIF(Forecast_Input!$A:$A,$A10,Forecast_Input!$G:$G)) | D10: =IF($A10="","",C10-B10) | E10: =IF($A10="","",SUMIF(Forecast_Input!$A:$A,$A10,Forecast_Input!$P:$P))
A11: =Settings!A14 | B11: =IF($A11="","",SUMIF(Forecast_Input!$A:$A,$A11,Forecast_Input!$F:$F)) | C11: =IF($A11="","",SUMIF(Forecast_Input!$A:$A,$A11,Forecast_Input!$G:$G)) | D11: =IF($A11="","",C11-B11) | E11: =IF($A11="","",SUMIF(Forecast_Input!$A:$A,$A11,Forecast_Input!$P:$P))
A12: =Settings!A15 | B12: =IF($A12="","",SUMIF(Forecast_Input!$A:$A,$A12,Forecast_Input!$F:$F)) | C12: =IF($A12="","",SUMIF(Forecast_Input!$A:$A,$A12,Forecast_Input!$G:$G)) | D12: =IF($A12="","",C12-B12) | E12: =IF($A12="","",SUMIF(Forecast_Input!$A:$A,$A12,Forecast_Input!$P:$P))
A13: =Settings!A16 | B13: =IF($A13="","",SUMIF(Forecast_Input!$A:$A,$A13,Forecast_Input!$F:$F)) | C13: =IF($A13="","",SUMIF(Forecast_Input!$A:$A,$A13,Forecast_Input!$G:$G)) | D13: =IF($A13="","",C13-B13) | E13: =IF($A13="","",SUMIF(Forecast_Input!$A:$A,$A13,Forecast_Input!$P:$P))
A14: =Settings!A17 | B14: =IF($A14="","",SUMIF(Forecast_Input!$A:$A,$A14,Forecast_Input!$F:$F)) | C14: =IF($A14="","",SUMIF(Forecast_Input!$A:$A,$A14,Forecast_Input!$G:$G)) | D14: =IF($A14="","",C14-B14) | E14: =IF($A14="","",SUMIF(Forecast_Input!$A:$A,$A14,Forecast_Input!$P:$P))
A15: =Settings!A18 | B15: =IF($A15="","",SUMIF(Forecast_Input!$A:$A,$A15,Forecast_Input!$F:$F)) | C15: =IF($A15="","",SUMIF(Forecast_Input!$A:$A,$A15,Forecast_Input!$G:$G)) | D15: =IF($A15="","",C15-B15) | E15: =IF($A15="","",SUMIF(Forecast_Input!$A:$A,$A15,Forecast_Input!$P:$P))
A16: =Settings!A19 | B16: =IF($A16="","",SUMIF(Forecast_Input!$A:$A,$A16,Forecast_Input!$F:$F)) | C16: =IF($A16="","",SUMIF(Forecast_Input!$A:$A,$A16,Forecast_Input!$G:$G)) | D16: =IF($A16="","",C16-B16) | E16: =IF($A16="","",SUMIF(Forecast_Input!$A:$A,$A16,Forecast_Input!$P:$P))
A17: =Settings!A20 | B17: =IF($A17="","",SUMIF(Forecast_Input!$A:$A,$A17,Forecast_Input!$F:$F)) | C17: =IF($A17="","",SUMIF(Forecast_Input!$A:$A,$A17,Forecast_Input!$G:$G)) | D17: =IF($A17="","",C17-B17) | E17: =IF($A17="","",SUMIF(Forecast_Input!$A:$A,$A17,Forecast_Input!$P:$P))
A20: 依產品大類彙總
A21: 產品大類 | B21: 當月目標 | C21: 當月實際 | D21: 差異 | E21: 7個月預估合計
A22: =Settings!B8 | B22: =IF($A22="","",SUMIF(Forecast_Input!$C:$C,$A22,Forecast_Input!$F:$F)) | C22: =IF($A22="","",SUMIF(Forecast_Input!$C:$C,$A22,Forecast_Input!$G:$G)) | D22: =IF($A22="","",C22-B22) | E22: =IF($A22="","",SUMIF(Forecast_Input!$C:$C,$A22,Forecast_Input!$P:$P))
A23: =Settings!B9 | B23: =IF($A23="","",SUMIF(Forecast_Input!$C:$C,$A23,Forecast_Input!$F:$F)) | C23: =IF($A23="","",SUMIF(Forecast_Input!$C:$C,$A23,Forecast_Input!$G:$G)) | D23: =IF($A23="","",C23-B23) | E23: =IF($A23="","",SUMIF(Forecast_Input!$C:$C,$A23,Forecast_Input!$P:$P))
A24: =Settings!B10 | B24: =IF($A24="","",SUMIF(Forecast_Input!$C:$C,$A24,Forecast_Input!$F:$F)) | C24: =IF($A24="","",SUMIF(Forecast_Input!$C:$C,$A24,Forecast_Input!$G:$G)) | D24: =IF($A24="","",C24-B24) | E24: =IF($A24="","",SUMIF(Forecast_Input!$C:$C,$A24,Forecast_Input!$P:$P))
A25: =Settings!B11 | B25: =IF($A25="","",SUMIF(Forecast_Input!$C:$C,$A25,Forecast_Input!$F:$F)) | C25: =IF($A25="","",SUMIF(Forecast_Input!$C:$C,$A25,Forecast_Input!$G:$G)) | D25: =IF($A25="","",C25-B25) | E25: =IF($A25="","",SUMIF(Forecast_Input!$C:$C,$A25,Forecast_Input!$P:$P))
A26: =Settings!B12 | B26: =IF($A26="","",SUMIF(Forecast_Input!$C:$C,$A26,Forecast_Input!$F:$F)) | C26: =IF($A26="","",SUMIF(Forecast_Input!$C:$C,$A26,Forecast_Input!$G:$G)) | D26: =IF($A26="","",C26-B26) | E26: =IF($A26="","",SUMIF(Forecast_Input!$C:$C,$A26,Forecast_Input!$P:$P))
A27: =Settings!B13 | B27: =IF($A27="","",SUMIF(Forecast_Input!$C:$C,$A27,Forecast_Input!$F:$F)) | C27: =IF($A27="","",SUMIF(Forecast_Input!$C:$C,$A27,Forecast_Input!$G:$G)) | D27: =IF($A27="","",C27-B27) | E27: =IF($A27="","",SUMIF(Forecast_Input!$C:$C,$A27,Forecast_Input!$P:$P))
A28: =Settings!B14 | B28: =IF($A28="","",SUMIF(Forecast_Input!$C:$C,$A28,Forecast_Input!$F:$F)) | C28: =IF($A28="","",SUMIF(Forecast_Input!$C:$C,$A28,Forecast_Input!$G:$G)) | D28: =IF($A28="","",C28-B28) | E28: =IF($A28="","",SUMIF(Forecast_Input!$C:$C,$A28,Forecast_Input!$P:$P))
A29: =Settings!B15 | B29: =IF($A29="","",SUMIF(Forecast_Input!$C:$C,$A29,Forecast_Input!$F:$F)) | C29: =IF($A29="","",SUMIF(Forecast_Input!$C:$C,$A29,Forecast_Input!$G:$G)) | D29: =IF($A29="","",C29-B29) | E29: =IF($A29="","",SUMIF(Forecast_Input!$C:$C,$A29,Forecast_Input!$P:$P))
A30: =Settings!B16 | B30: =IF($A30="","",SUMIF(Forecast_Input!$C:$C,$A30,Forecast_Input!$F:$F)) | C30: =IF($A30="","",SUMIF(Forecast_Input!$C:$C,$A30,Forecast_Input!$G:$G)) | D30: =IF($A30="","",C30-B30) | E30: =IF($A30="","",SUMIF(Forecast_Input!$C:$C,$A30,Forecast_Input!$P:$P))
A31: =Settings!B17 | B31: =IF($A31="","",SUMIF(Forecast_Input!$C:$C,$A31,Forecast_Input!$F:$F)) | C31: =IF($A31="","",SUMIF(Forecast_Input!$C:$C,$A31,Forecast_Input!$G:$G)) | D31: =IF($A31="","",C31-B31) | E31: =IF($A31="","",SUMIF(Forecast_Input!$C:$C,$A31,Forecast_Input!$P:$P))
A32: =Settings!B18 | B32: =IF($A32="","",SUMIF(Forecast_Input!$C:$C,$A32,Forecast_Input!$F:$F)) | C32: =IF($A32="","",SUMIF(Forecast_Input!$C:$C,$A32,Forecast_Input!$G:$G)) | D32: =IF($A32="","",C32-B32) | E32: =IF($A32="","",SUMIF(Forecast_Input!$C:$C,$A32,Forecast_Input!$P:$P))
A33: =Settings!B19 | B33: =IF($A33="","",SUMIF(Forecast_Input!$C:$C,$A33,Forecast_Input!$F:$F)) | C33: =IF($A33="","",SUMIF(Forecast_Input!$C:$C,$A33,Forecast_Input!$G:$G)) | D33: =IF($A33="","",C33-B33) | E33: =IF($A33="","",SUMIF(Forecast_Input!$C:$C,$A33,Forecast_Input!$P:$P))
... A44: =Settings!B30 | B44: =IF($A44="","",SUMIF(Forecast_Input!$C:$C,$A44,Forecast_Input!$F:$F)) | C44: =IF($A44="","",SUMIF(Forecast_Input!$C:$C,$A44,Forecast_Input!$G:$G)) | D44: =IF($A44="","",C44-B44) | E44: =IF($A44="","",SUMIF(Forecast_Input!$C:$C,$A44,Forecast_Input!$P:$P))

Sheet Settings
A1: 設定
A2: 基準月份 | B2: 46174
A3: 未來月數 N | B3: 6
A5: 可維護清單
A7: 業務 | B7: 產品大類 | C7: 單位
A8: 業務A | B8: 產品線A | C8: PCS
A9: 業務B | B9: 產品線B | C9: KPCS
A10: 業務C | B10: 產品線C | C10: SET
A11: 業務D | B11: 產品線D | C11: BOX
A12: 業務E | B12: 產品線E | C12: USD
A13: 業務F | B13: 產品線F
A14: 業務G | B14: 產品線G
A15: 業務H | B15: 產品線H
A16: 業務I | B16: 產品線I
A17: 業務J | B17: 產品線J
A18: 業務K | B18: 產品線K
A19: 業務L | B19: 產品線L
A20: 業務M | B20: 產品線M
B21: 產品線N
B22: 產品線O
B23: 產品線P
B24: 產品線Q
B25: 產品線R
B26: 產品線S
B27: 產品線T
B28: 產品線U
B29: 產品線V
B30: 產品線W
A33: 月份欄位說明
A34: 當月預估 | B34: 46174
A35: 未來 +1 月預估 | B35: 46204
A36: 未來 +2 月預估 | B36: 46235
A37: 未來 +3 月預估 | B37: 46266
A38: 未來 +4 月預估 | B38: 46296
A39: 未來 +5 月預估 | B39: 46327
A40: 未來 +6 月預估 | B40: 46357
