Workbook

Sheet Cost_Quote
A1: Whisky 成本計算與台幣報價
A2: 報價單位：瓶。匯率 37.5；原幣成本加 5% 出口國內陸成本；毛利率 8%。海運以 20 呎櫃 NT$100,000 攤 10 板；含酒稅與 5% 營業稅。
A4: CODE | B4: 品名 | C4: EAN | D4: 度數 | E4: 容量(L) | F4: 箱規 | G4: 瓶/板 | H4: 箱/板 | I4: GB | J4: 可供瓶數 | K4: 歐元/瓶 | L4: 出口國內陸成本EUR/瓶 | M4: 含內陸成本EUR/瓶 | N4: 台幣裸成本/瓶 | O4: 海運/瓶 | P4: 其他運雜費/瓶 | Q4: 酒稅/瓶 | R4: 營業稅/瓶 | S4: 總成本/瓶 | T4: 8%毛利報價/瓶 | U4: 建議報價/瓶 | V4: 台幣報價/箱 | W4: Requested bottles | X4: 採購成本EUR | Y4: 採購成本TWD
A5: 68399 | B5: JOHNNIE WALKER 12 ans Black Label | C5: 5000267024202 | D5: 40 | E5: 0.7 | F5: 6 | G5: 672 | H5: 112 | I5: NO GB | J5: VOL MAX ? | K5: 10.8 | L5: =K5*Assumptions!$B$7 -> 0.54 | M5: =K5+L5 -> 11.34 | N5: =M5*Assumptions!$B$5 -> 425.25 | O5: =Assumptions!$B$8/Assumptions!$B$9/G5 -> 14.880952 | P5: =Assumptions!$B$10 -> 0 | Q5: =E5*D5*Assumptions!$B$11 -> 70 | R5: =(N5+O5+P5+Q5)*Assumptions!$B$12 -> 25.506548 | S5: =N5+O5+P5+Q5+R5 -> 535.6375 | T5: =S5/(1-Assumptions!$B$6) -> 582.21467 | U5: =CEILING(T5,Assumptions!$B$13) -> 583 | V5: =U5*F5 -> 3498 | X5: =IF(W5="","",W5*M5) | Y5: =IF(W5="","",W5*S5)
A6: 68397 | B6: JOHNNIE WALKER 15 ans Green Label | C6: 5000267199443 | D6: 43 | E6: 0.7 | F6: 6 | G6: 240 | H6: 40 | I6: WITH GB | J6: VOL MAX ? | K6: 22.25 | L6: =K6*Assumptions!$B$7 -> 1.1125 | M6: =K6+L6 -> 23.3625 | N6: =M6*Assumptions!$B$5 -> 876.09375 | O6: =Assumptions!$B$8/Assumptions!$B$9/G6 -> 41.666667 | P6: =Assumptions!$B$10 -> 0 | Q6: =E6*D6*Assumptions!$B$11 -> 75.25 | R6: =(N6+O6+P6+Q6)*Assumptions!$B$12 -> 49.650521 | S6: =N6+O6+P6+Q6+R6 -> 1042.6609 | T6: =S6/(1-Assumptions!$B$6) -> 1133.3271 | U6: =CEILING(T6,Assumptions!$B$13) -> 1134 | V6: =U6*F6 -> 6804 | X6: =IF(W6="","",W6*M6) | Y6: =IF(W6="","",W6*S6)
A7: 68392 | B7: JOHNNIE WALKER Blue Label | C7: 5000267115245 | D7: 40 | E7: 0.7 | F7: 6 | G7: 624 | H7: 104 | I7: WITH GB | J7: VOL MAX ? | K7: 92 | L7: =K7*Assumptions!$B$7 -> 4.6 | M7: =K7+L7 -> 96.6 | N7: =M7*Assumptions!$B$5 -> 3622.5 | O7: =Assumptions!$B$8/Assumptions!$B$9/G7 -> 16.025641 | P7: =Assumptions!$B$10 -> 0 | Q7: =E7*D7*Assumptions!$B$11 -> 70 | R7: =(N7+O7+P7+Q7)*Assumptions!$B$12 -> 185.42628 | S7: =N7+O7+P7+Q7+R7 -> 3893.9519 | T7: =S7/(1-Assumptions!$B$6) -> 4232.5564 | U7: =CEILING(T7,Assumptions!$B$13) -> 4233 | V7: =U7*F7 -> 25398 | X7: =IF(W7="","",W7*M7) | Y7: =IF(W7="","",W7*S7)
A8: 17261 | B8: SINGLETON 15 ans Of Dufftown | C8: 5000281026626 | D8: 40 | E8: 0.7 | F8: 6 | G8: 510 | H8: 85 | I8: NO GB | J8: VOL MAX ? | K8: 21 | L8: =K8*Assumptions!$B$7 -> 1.05 | M8: =K8+L8 -> 22.05 | N8: =M8*Assumptions!$B$5 -> 826.875 | O8: =Assumptions!$B$8/Assumptions!$B$9/G8 -> 19.607843 | P8: =Assumptions!$B$10 -> 0 | Q8: =E8*D8*Assumptions!$B$11 -> 70 | R8: =(N8+O8+P8+Q8)*Assumptions!$B$12 -> 45.824142 | S8: =N8+O8+P8+Q8+R8 -> 962.30699 | T8: =S8/(1-Assumptions!$B$6) -> 1045.9859 | U8: =CEILING(T8,Assumptions!$B$13) -> 1046 | V8: =U8*F8 -> 6276 | X8: =IF(W8="","",W8*M8) | Y8: =IF(W8="","",W8*S8)
A9: 100427 | B9: SINGLETON 18 ans Of Dufftown | C9: 5000281028620 | D9: 40 | E9: 0.7 | F9: 6 | G9: 510 | H9: 85 | I9: NO GB | J9: VOL MAX ? | K9: 54.5 | L9: =K9*Assumptions!$B$7 -> 2.725 | M9: =K9+L9 -> 57.225 | N9: =M9*Assumptions!$B$5 -> 2145.9375 | O9: =Assumptions!$B$8/Assumptions!$B$9/G9 -> 19.607843 | P9: =Assumptions!$B$10 -> 0 | Q9: =E9*D9*Assumptions!$B$11 -> 70 | R9: =(N9+O9+P9+Q9)*Assumptions!$B$12 -> 111.77727 | S9: =N9+O9+P9+Q9+R9 -> 2347.3226 | T9: =S9/(1-Assumptions!$B$6) -> 2551.4376 | U9: =CEILING(T9,Assumptions!$B$13) -> 2552 | V9: =U9*F9 -> 15312 | X9: =IF(W9="","",W9*M9) | Y9: =IF(W9="","",W9*S9)
A10: 64481 | B10: SINGLETON 12 ans Luscious Nectar | C10: 5000281021621 | D10: 40 | E10: 0.7 | F10: 6 | G10: 336 | H10: 56 | I10: NO GB | J10: 36 | K10: 11.15 | L10: =K10*Assumptions!$B$7 -> 0.5575 | M10: =K10+L10 -> 11.7075 | N10: =M10*Assumptions!$B$5 -> 439.03125 | O10: =Assumptions!$B$8/Assumptions!$B$9/G10 -> 29.761905 | P10: =Assumptions!$B$10 -> 0 | Q10: =E10*D10*Assumptions!$B$11 -> 70 | R10: =(N10+O10+P10+Q10)*Assumptions!$B$12 -> 26.939658 | S10: =N10+O10+P10+Q10+R10 -> 565.73281 | T10: =S10/(1-Assumptions!$B$6) -> 614.92697 | U10: =CEILING(T10,Assumptions!$B$13) -> 615 | V10: =U10*F10 -> 3690 | X10: =IF(W10="","",W10*M10) | Y10: =IF(W10="","",W10*S10)
A11: 60921 | B11: BALVENIE (The) 16 ans French Oak Pineau Cask | C11: 5010275254645 | D11: 47.6 | E11: 0.7 | F11: 6 | G11: 480 | H11: 80 | I11: WITH GB | J11: 48 | K11: 116.64 | L11: =K11*Assumptions!$B$7 -> 5.832 | M11: =K11+L11 -> 122.472 | N11: =M11*Assumptions!$B$5 -> 4592.7 | O11: =Assumptions!$B$8/Assumptions!$B$9/G11 -> 20.833333 | P11: =Assumptions!$B$10 -> 0 | Q11: =E11*D11*Assumptions!$B$11 -> 83.3 | R11: =(N11+O11+P11+Q11)*Assumptions!$B$12 -> 234.84167 | S11: =N11+O11+P11+Q11+R11 -> 4931.675 | T11: =S11/(1-Assumptions!$B$6) -> 5360.5163 | U11: =CEILING(T11,Assumptions!$B$13) -> 5361 | V11: =U11*F11 -> 32166 | X11: =IF(W11="","",W11*M11) | Y11: =IF(W11="","",W11*S11)
A12: 8104 | B12: BALVENIE (The) 12 ans Double Wood | C12: 5010327505138 | D12: 40 | E12: 0.7 | F12: 6 | G12: 576 | H12: 96 | I12: WITH GB | J12: VOL MAX ? | K12: 30.25 | L12: =K12*Assumptions!$B$7 -> 1.5125 | M12: =K12+L12 -> 31.7625 | N12: =M12*Assumptions!$B$5 -> 1191.0938 | O12: =Assumptions!$B$8/Assumptions!$B$9/G12 -> 17.361111 | P12: =Assumptions!$B$10 -> 0 | Q12: =E12*D12*Assumptions!$B$11 -> 70 | R12: =(N12+O12+P12+Q12)*Assumptions!$B$12 -> 63.922743 | S12: =N12+O12+P12+Q12+R12 -> 1342.3776 | T12: =S12/(1-Assumptions!$B$6) -> 1459.1061 | U12: =CEILING(T12,Assumptions!$B$13) -> 1460 | V12: =U12*F12 -> 8760 | X12: =IF(W12="","",W12*M12) | Y12: =IF(W12="","",W12*S12)
A13: 57066 | B13: BALVENIE (The) 12 ans The Sweet Toast of American Oak | C13: 5010327525167 | D13: 43 | E13: 0.7 | F13: 6 | G13: 480 | H13: 80 | I13: WITH GB | J13: 60 | K13: 35.5 | L13: =K13*Assumptions!$B$7 -> 1.775 | M13: =K13+L13 -> 37.275 | N13: =M13*Assumptions!$B$5 -> 1397.8125 | O13: =Assumptions!$B$8/Assumptions!$B$9/G13 -> 20.833333 | P13: =Assumptions!$B$10 -> 0 | Q13: =E13*D13*Assumptions!$B$11 -> 75.25 | R13: =(N13+O13+P13+Q13)*Assumptions!$B$12 -> 74.694792 | S13: =N13+O13+P13+Q13+R13 -> 1568.5906 | T13: =S13/(1-Assumptions!$B$6) -> 1704.9898 | U13: =CEILING(T13,Assumptions!$B$13) -> 1705 | V13: =U13*F13 -> 10230 | X13: =IF(W13="","",W13*M13) | Y13: =IF(W13="","",W13*S13)

Sheet Assumptions
A1: 成本假設
A2: 黃色欄位可依實際進口成本調整；目前含出口國內陸成本 5%、20 呎櫃運費攤提、酒稅與 5% 營業稅，並用 8% 毛利率計算每瓶台幣報價。
A4: 項目 | B4: 數值 | C4: 備註
A5: EUR/TWD 匯率 | B5: 37.5 | C5: 報價用匯率
A6: 毛利率 | B6: 0.08 | C6: 售價 = 成本 / (1 - 毛利率)
A7: 出口國內陸成本率 | B7: 0.05 | C7: 以原幣單價 × 本欄估算
A8: 20呎貨櫃運費 | B8: 100000 | C8: TWD / container
A9: 每櫃攤提板數 | B9: 10 | C9: pallets / container
A10: 每瓶保險/其他運雜費 | B10: 0 | C10: TWD / bottle
A11: 酒稅：每公升每度 | B11: 2.5 | C11: TWD；公式 = 容量L × 酒精度數 × 本欄
A12: 營業稅率 | B12: 0.05 | C12: 公式暫用 (台幣成本+運費+其他費用+酒稅) × 5%
A13: 售價尾數進位 | B13: 1 | C13: 1 = 元；10 = 十元
A16: 匯率說明 | B16: 本版依指示使用 EUR/TWD = 37.5

Sheet Retail_Check
A1: 零售價毛利比較
A2: 查到公開零售價時填在黃色欄位；總成本與建議報價會從 Cost_Quote 自動帶入，並計算每個零售價下剩下的毛利。
A4: CODE | B4: 品名 | C4: EAN | D4: 總成本/瓶 | E4: 建議報價/瓶 | F4: 價格序 | G4: 零售價/瓶 | H4: 來源/店家 | I4: 網址/備註 | J4: 查價日期 | K4: 零售毛利額 | L4: 零售毛利率 | M4: 與建議報價差額
A5: 68399 | B5: JOHNNIE WALKER 12 ans Black Label | C5: 5000267024202 | D5: =INDEX(Cost_Quote!$S:$S,MATCH($A5,Cost_Quote!$A:$A,0)) | E5: =INDEX(Cost_Quote!$U:$U,MATCH($A5,Cost_Quote!$A:$A,0)) | F5: 1 | I5: 公開搜尋未取得可靠台灣零售價；待人工補入店家資料 | J5: 2026-06-20 | K5: =IF($G5="","",$G5-$D5) | L5: =IFERROR($K5/$G5,"") | M5: =IF($G5="","",$G5-$E5)
A6: 68399 | B6: JOHNNIE WALKER 12 ans Black Label | C6: 5000267024202 | D6: =INDEX(Cost_Quote!$S:$S,MATCH($A6,Cost_Quote!$A:$A,0)) | E6: =INDEX(Cost_Quote!$U:$U,MATCH($A6,Cost_Quote!$A:$A,0)) | F6: 2 | K6: =IF($G6="","",$G6-$D6) | L6: =IFERROR($K6/$G6,"") | M6: =IF($G6="","",$G6-$E6)
A7: 68399 | B7: JOHNNIE WALKER 12 ans Black Label | C7: 5000267024202 | D7: =INDEX(Cost_Quote!$S:$S,MATCH($A7,Cost_Quote!$A:$A,0)) | E7: =INDEX(Cost_Quote!$U:$U,MATCH($A7,Cost_Quote!$A:$A,0)) | F7: 3 | K7: =IF($G7="","",$G7-$D7) | L7: =IFERROR($K7/$G7,"") | M7: =IF($G7="","",$G7-$E7)
A8: 68397 | B8: JOHNNIE WALKER 15 ans Green Label | C8: 5000267199443 | D8: =INDEX(Cost_Quote!$S:$S,MATCH($A8,Cost_Quote!$A:$A,0)) | E8: =INDEX(Cost_Quote!$U:$U,MATCH($A8,Cost_Quote!$A:$A,0)) | F8: 1 | I8: 公開搜尋未取得可靠台灣零售價；待人工補入店家資料 | J8: 2026-06-20 | K8: =IF($G8="","",$G8-$D8) | L8: =IFERROR($K8/$G8,"") | M8: =IF($G8="","",$G8-$E8)
A9: 68397 | B9: JOHNNIE WALKER 15 ans Green Label | C9: 5000267199443 | D9: =INDEX(Cost_Quote!$S:$S,MATCH($A9,Cost_Quote!$A:$A,0)) | E9: =INDEX(Cost_Quote!$U:$U,MATCH($A9,Cost_Quote!$A:$A,0)) | F9: 2 | K9: =IF($G9="","",$G9-$D9) | L9: =IFERROR($K9/$G9,"") | M9: =IF($G9="","",$G9-$E9)
A10: 68397 | B10: JOHNNIE WALKER 15 ans Green Label | C10: 5000267199443 | D10: =INDEX(Cost_Quote!$S:$S,MATCH($A10,Cost_Quote!$A:$A,0)) | E10: =INDEX(Cost_Quote!$U:$U,MATCH($A10,Cost_Quote!$A:$A,0)) | F10: 3 | K10: =IF($G10="","",$G10-$D10) | L10: =IFERROR($K10/$G10,"") | M10: =IF($G10="","",$G10-$E10)
A11: 68392 | B11: JOHNNIE WALKER Blue Label | C11: 5000267115245 | D11: =INDEX(Cost_Quote!$S:$S,MATCH($A11,Cost_Quote!$A:$A,0)) | E11: =INDEX(Cost_Quote!$U:$U,MATCH($A11,Cost_Quote!$A:$A,0)) | F11: 1 | I11: 公開搜尋未取得可靠台灣零售價；待人工補入店家資料 | J11: 2026-06-20 | K11: =IF($G11="","",$G11-$D11) | L11: =IFERROR($K11/$G11,"") | M11: =IF($G11="","",$G11-$E11)
A12: 68392 | B12: JOHNNIE WALKER Blue Label | C12: 5000267115245 | D12: =INDEX(Cost_Quote!$S:$S,MATCH($A12,Cost_Quote!$A:$A,0)) | E12: =INDEX(Cost_Quote!$U:$U,MATCH($A12,Cost_Quote!$A:$A,0)) | F12: 2 | K12: =IF($G12="","",$G12-$D12) | L12: =IFERROR($K12/$G12,"") | M12: =IF($G12="","",$G12-$E12)
A13: 68392 | B13: JOHNNIE WALKER Blue Label | C13: 5000267115245 | D13: =INDEX(Cost_Quote!$S:$S,MATCH($A13,Cost_Quote!$A:$A,0)) | E13: =INDEX(Cost_Quote!$U:$U,MATCH($A13,Cost_Quote!$A:$A,0)) | F13: 3 | K13: =IF($G13="","",$G13-$D13) | L13: =IFERROR($K13/$G13,"") | M13: =IF($G13="","",$G13-$E13)
A14: 17261 | B14: SINGLETON 15 ans Of Dufftown | C14: 5000281026626 | D14: =INDEX(Cost_Quote!$S:$S,MATCH($A14,Cost_Quote!$A:$A,0)) | E14: =INDEX(Cost_Quote!$U:$U,MATCH($A14,Cost_Quote!$A:$A,0)) | F14: 1 | I14: 公開搜尋未取得可靠台灣零售價；待人工補入店家資料 | J14: 2026-06-20 | K14: =IF($G14="","",$G14-$D14) | L14: =IFERROR($K14/$G14,"") | M14: =IF($G14="","",$G14-$E14)
A15: 17261 | B15: SINGLETON 15 ans Of Dufftown | C15: 5000281026626 | D15: =INDEX(Cost_Quote!$S:$S,MATCH($A15,Cost_Quote!$A:$A,0)) | E15: =INDEX(Cost_Quote!$U:$U,MATCH($A15,Cost_Quote!$A:$A,0)) | F15: 2 | K15: =IF($G15="","",$G15-$D15) | L15: =IFERROR($K15/$G15,"") | M15: =IF($G15="","",$G15-$E15)
A16: 17261 | B16: SINGLETON 15 ans Of Dufftown | C16: 5000281026626 | D16: =INDEX(Cost_Quote!$S:$S,MATCH($A16,Cost_Quote!$A:$A,0)) | E16: =INDEX(Cost_Quote!$U:$U,MATCH($A16,Cost_Quote!$A:$A,0)) | F16: 3 | K16: =IF($G16="","",$G16-$D16) | L16: =IFERROR($K16/$G16,"") | M16: =IF($G16="","",$G16-$E16)
A17: 100427 | B17: SINGLETON 18 ans Of Dufftown | C17: 5000281028620 | D17: =INDEX(Cost_Quote!$S:$S,MATCH($A17,Cost_Quote!$A:$A,0)) | E17: =INDEX(Cost_Quote!$U:$U,MATCH($A17,Cost_Quote!$A:$A,0)) | F17: 1 | I17: 公開搜尋未取得可靠台灣零售價；待人工補入店家資料 | J17: 2026-06-20 | K17: =IF($G17="","",$G17-$D17) | L17: =IFERROR($K17/$G17,"") | M17: =IF($G17="","",$G17-$E17)
A18: 100427 | B18: SINGLETON 18 ans Of Dufftown | C18: 5000281028620 | D18: =INDEX(Cost_Quote!$S:$S,MATCH($A18,Cost_Quote!$A:$A,0)) | E18: =INDEX(Cost_Quote!$U:$U,MATCH($A18,Cost_Quote!$A:$A,0)) | F18: 2 | K18: =IF($G18="","",$G18-$D18) | L18: =IFERROR($K18/$G18,"") | M18: =IF($G18="","",$G18-$E18)
A19: 100427 | B19: SINGLETON 18 ans Of Dufftown | C19: 5000281028620 | D19: =INDEX(Cost_Quote!$S:$S,MATCH($A19,Cost_Quote!$A:$A,0)) | E19: =INDEX(Cost_Quote!$U:$U,MATCH($A19,Cost_Quote!$A:$A,0)) | F19: 3 | K19: =IF($G19="","",$G19-$D19) | L19: =IFERROR($K19/$G19,"") | M19: =IF($G19="","",$G19-$E19)
A20: 64481 | B20: SINGLETON 12 ans Luscious Nectar | C20: 5000281021621 | D20: =INDEX(Cost_Quote!$S:$S,MATCH($A20,Cost_Quote!$A:$A,0)) | E20: =INDEX(Cost_Quote!$U:$U,MATCH($A20,Cost_Quote!$A:$A,0)) | F20: 1 | I20: 公開搜尋未取得可靠台灣零售價；待人工補入店家資料 | J20: 2026-06-20 | K20: =IF($G20="","",$G20-$D20) | L20: =IFERROR($K20/$G20,"") | M20: =IF($G20="","",$G20-$E20)
A21: 64481 | B21: SINGLETON 12 ans Luscious Nectar | C21: 5000281021621 | D21: =INDEX(Cost_Quote!$S:$S,MATCH($A21,Cost_Quote!$A:$A,0)) | E21: =INDEX(Cost_Quote!$U:$U,MATCH($A21,Cost_Quote!$A:$A,0)) | F21: 2 | K21: =IF($G21="","",$G21-$D21) | L21: =IFERROR($K21/$G21,"") | M21: =IF($G21="","",$G21-$E21)
A22: 64481 | B22: SINGLETON 12 ans Luscious Nectar | C22: 5000281021621 | D22: =INDEX(Cost_Quote!$S:$S,MATCH($A22,Cost_Quote!$A:$A,0)) | E22: =INDEX(Cost_Quote!$U:$U,MATCH($A22,Cost_Quote!$A:$A,0)) | F22: 3 | K22: =IF($G22="","",$G22-$D22) | L22: =IFERROR($K22/$G22,"") | M22: =IF($G22="","",$G22-$E22)
A23: 60921 | B23: BALVENIE (The) 16 ans French Oak Pineau Cask | C23: 5010275254645 | D23: =INDEX(Cost_Quote!$S:$S,MATCH($A23,Cost_Quote!$A:$A,0)) | E23: =INDEX(Cost_Quote!$U:$U,MATCH($A23,Cost_Quote!$A:$A,0)) | F23: 1 | I23: 公開搜尋未取得可靠台灣零售價；待人工補入店家資料 | J23: 2026-06-20 | K23: =IF($G23="","",$G23-$D23) | L23: =IFERROR($K23/$G23,"") | M23: =IF($G23="","",$G23-$E23)
A24: 60921 | B24: BALVENIE (The) 16 ans French Oak Pineau Cask | C24: 5010275254645 | D24: =INDEX(Cost_Quote!$S:$S,MATCH($A24,Cost_Quote!$A:$A,0)) | E24: =INDEX(Cost_Quote!$U:$U,MATCH($A24,Cost_Quote!$A:$A,0)) | F24: 2 | K24: =IF($G24="","",$G24-$D24) | L24: =IFERROR($K24/$G24,"") | M24: =IF($G24="","",$G24-$E24)
A25: 60921 | B25: BALVENIE (The) 16 ans French Oak Pineau Cask | C25: 5010275254645 | D25: =INDEX(Cost_Quote!$S:$S,MATCH($A25,Cost_Quote!$A:$A,0)) | E25: =INDEX(Cost_Quote!$U:$U,MATCH($A25,Cost_Quote!$A:$A,0)) | F25: 3 | K25: =IF($G25="","",$G25-$D25) | L25: =IFERROR($K25/$G25,"") | M25: =IF($G25="","",$G25-$E25)
A26: 8104 | B26: BALVENIE (The) 12 ans Double Wood | C26: 5010327505138 | D26: =INDEX(Cost_Quote!$S:$S,MATCH($A26,Cost_Quote!$A:$A,0)) | E26: =INDEX(Cost_Quote!$U:$U,MATCH($A26,Cost_Quote!$A:$A,0)) | F26: 1 | I26: 公開搜尋未取得可靠台灣零售價；待人工補入店家資料 | J26: 2026-06-20 | K26: =IF($G26="","",$G26-$D26) | L26: =IFERROR($K26/$G26,"") | M26: =IF($G26="","",$G26-$E26)
A27: 8104 | B27: BALVENIE (The) 12 ans Double Wood | C27: 5010327505138 | D27: =INDEX(Cost_Quote!$S:$S,MATCH($A27,Cost_Quote!$A:$A,0)) | E27: =INDEX(Cost_Quote!$U:$U,MATCH($A27,Cost_Quote!$A:$A,0)) | F27: 2 | K27: =IF($G27="","",$G27-$D27) | L27: =IFERROR($K27/$G27,"") | M27: =IF($G27="","",$G27-$E27)
A28: 8104 | B28: BALVENIE (The) 12 ans Double Wood | C28: 5010327505138 | D28: =INDEX(Cost_Quote!$S:$S,MATCH($A28,Cost_Quote!$A:$A,0)) | E28: =INDEX(Cost_Quote!$U:$U,MATCH($A28,Cost_Quote!$A:$A,0)) | F28: 3 | K28: =IF($G28="","",$G28-$D28) | L28: =IFERROR($K28/$G28,"") | M28: =IF($G28="","",$G28-$E28)
A29: 57066 | B29: BALVENIE (The) 12 ans The Sweet Toast of American Oak | C29: 5010327525167 | D29: =INDEX(Cost_Quote!$S:$S,MATCH($A29,Cost_Quote!$A:$A,0)) | E29: =INDEX(Cost_Quote!$U:$U,MATCH($A29,Cost_Quote!$A:$A,0)) | F29: 1 | I29: 公開搜尋未取得可靠台灣零售價；待人工補入店家資料 | J29: 2026-06-20 | K29: =IF($G29="","",$G29-$D29) | L29: =IFERROR($K29/$G29,"") | M29: =IF($G29="","",$G29-$E29)
A30: 57066 | B30: BALVENIE (The) 12 ans The Sweet Toast of American Oak | C30: 5010327525167 | D30: =INDEX(Cost_Quote!$S:$S,MATCH($A30,Cost_Quote!$A:$A,0)) | E30: =INDEX(Cost_Quote!$U:$U,MATCH($A30,Cost_Quote!$A:$A,0)) | F30: 2 | K30: =IF($G30="","",$G30-$D30) | L30: =IFERROR($K30/$G30,"") | M30: =IF($G30="","",$G30-$E30)
A31: 57066 | B31: BALVENIE (The) 12 ans The Sweet Toast of American Oak | C31: 5010327525167 | D31: =INDEX(Cost_Quote!$S:$S,MATCH($A31,Cost_Quote!$A:$A,0)) | E31: =INDEX(Cost_Quote!$U:$U,MATCH($A31,Cost_Quote!$A:$A,0)) | F31: 3 | K31: =IF($G31="","",$G31-$D31) | L31: =IFERROR($K31/$G31,"") | M31: =IF($G31="","",$G31-$E31)
